-- 服务配置
delete from G_SERVICES where SERVICE_ID in ('CIPS_04499', 'DTT_CAEA_PORT_OUT','DTT_CAEB_PORT_OUT','DTT_CAEA_PORT_IN','DTT_CAEB_PORT_IN','BIZ_CAEA_PORT_OUT','BIZ_CAEB_PORT_OUT','BIZ_CAEA_PORT_IN','BIZ_CAEB_PORT_IN','CIPS_PMTS_DTT_SND','CIPS_PMTS_DTT_RCV','CIPS_PORT_OUT_ROUTE');
INSERT INTO G_SERVICES (SERVICE_ID, SYSTEM, SERVICE_TYPE, REQ_OBJ_TYPE, RSP_OBJ_TYPE, SERVICE_FUN, DOCK, DOCK_TYPE, SERVICE_URI, ERR_SERVICE, PRIORITY, REMARKS, SERVICE_VER, STATUS, EXPIRE, UPD_TIME, CRT_TIME, RSV1, RSV2, RSV3, RSV4, RSV5) VALUES ('DTT_CAEA_PORT_OUT', 'CIPS', 'PORT_OUT', 'NULL', 'NULL', 'CIPS_OutPort', 'DTT_CAEA_PORT_OUT', 'MQ_OUT', null, null, null, '探测CAE1出口服务', null, '00', null, null, null, 'DTT_CAE1_PORT_OUT', null, null, null, null);
INSERT INTO G_SERVICES (SERVICE_ID, SYSTEM, SERVICE_TYPE, REQ_OBJ_TYPE, RSP_OBJ_TYPE, SERVICE_FUN, DOCK, DOCK_TYPE, SERVICE_URI, ERR_SERVICE, PRIORITY, REMARKS, SERVICE_VER, STATUS, EXPIRE, UPD_TIME, CRT_TIME, RSV1, RSV2, RSV3, RSV4, RSV5) VALUES ('DTT_CAEB_PORT_OUT', 'CIPS', 'PORT_OUT', 'NULL', 'NULL', 'CIPS_OutPort', 'DTT_CAEB_PORT_OUT', 'MQ_OUT', null, null, null, '探测CAE2出口服务', null, '00', null, null, null, 'DTT_CAE2_PORT_OUT', null, null, null, null);
INSERT INTO G_SERVICES (SERVICE_ID, SYSTEM, SERVICE_TYPE, REQ_OBJ_TYPE, RSP_OBJ_TYPE, SERVICE_FUN, DOCK, DOCK_TYPE, SERVICE_URI, ERR_SERVICE, PRIORITY, REMARKS, SERVICE_VER, STATUS, EXPIRE, UPD_TIME, CRT_TIME, RSV1, RSV2, RSV3, RSV4, RSV5) VALUES ('DTT_CAEA_PORT_IN', 'CIPS', 'PORT_IN', 'NULL', 'NULL', 'CIPS_InPort', 'DTT_CAEA_PORT_IN', 'MQ_IN', null, null, null, '探测CAE1入口服务', null, '00', null, null, null, null, null, null, null, null);
INSERT INTO G_SERVICES (SERVICE_ID, SYSTEM, SERVICE_TYPE, REQ_OBJ_TYPE, RSP_OBJ_TYPE, SERVICE_FUN, DOCK, DOCK_TYPE, SERVICE_URI, ERR_SERVICE, PRIORITY, REMARKS, SERVICE_VER, STATUS, EXPIRE, UPD_TIME, CRT_TIME, RSV1, RSV2, RSV3, RSV4, RSV5) VALUES ('DTT_CAEB_PORT_IN', 'CIPS', 'PORT_IN', 'NULL', 'NULL', 'CIPS_InPort', 'DTT_CAEB_PORT_IN', 'MQ_IN', null, null, null, '探测CAE2入口服务', null, '00', null, null, null, null, null, null, null, null);
INSERT INTO G_SERVICES (SERVICE_ID, SYSTEM, SERVICE_TYPE, REQ_OBJ_TYPE, RSP_OBJ_TYPE, SERVICE_FUN, DOCK, DOCK_TYPE, SERVICE_URI, ERR_SERVICE, PRIORITY, REMARKS, SERVICE_VER, STATUS, EXPIRE, UPD_TIME, CRT_TIME, RSV1, RSV2, RSV3, RSV4, RSV5) VALUES ('BIZ_CAEA_PORT_OUT', 'CIPS', 'PORT_OUT', 'NULL', 'NULL', 'CIPS_OutPort', 'BIZ_CAEA_PORT_OUT', 'MQ_OUT', null, null, null, '业务CAE1出口服务', null, '00', null, null, null, null, null, null, null, null);
INSERT INTO G_SERVICES (SERVICE_ID, SYSTEM, SERVICE_TYPE, REQ_OBJ_TYPE, RSP_OBJ_TYPE, SERVICE_FUN, DOCK, DOCK_TYPE, SERVICE_URI, ERR_SERVICE, PRIORITY, REMARKS, SERVICE_VER, STATUS, EXPIRE, UPD_TIME, CRT_TIME, RSV1, RSV2, RSV3, RSV4, RSV5) VALUES ('BIZ_CAEB_PORT_OUT', 'CIPS', 'PORT_OUT', 'NULL', 'NULL', 'CIPS_OutPort', 'BIZ_CAEB_PORT_OUT', 'MQ_OUT', null, null, null, '业务CAE2出口服务', null, '00', null, null, null, null, null, null, null, null);
INSERT INTO G_SERVICES (SERVICE_ID, SYSTEM, SERVICE_TYPE, REQ_OBJ_TYPE, RSP_OBJ_TYPE, SERVICE_FUN, DOCK, DOCK_TYPE, SERVICE_URI, ERR_SERVICE, PRIORITY, REMARKS, SERVICE_VER, STATUS, EXPIRE, UPD_TIME, CRT_TIME, RSV1, RSV2, RSV3, RSV4, RSV5) VALUES ('BIZ_CAEA_PORT_IN', 'CIPS', 'PORT_IN', 'NULL', 'NULL', 'CIPS_InPort', 'BIZ_CAEA_PORT_IN', 'MQ_IN', null, null, null, '业务CAE1入口服务', null, '00', null, null, null, null, null, null, null, null);
INSERT INTO G_SERVICES (SERVICE_ID, SYSTEM, SERVICE_TYPE, REQ_OBJ_TYPE, RSP_OBJ_TYPE, SERVICE_FUN, DOCK, DOCK_TYPE, SERVICE_URI, ERR_SERVICE, PRIORITY, REMARKS, SERVICE_VER, STATUS, EXPIRE, UPD_TIME, CRT_TIME, RSV1, RSV2, RSV3, RSV4, RSV5) VALUES ('BIZ_CAEB_PORT_IN', 'CIPS', 'PORT_IN', 'NULL', 'NULL', 'CIPS_InPort', 'BIZ_CAEB_PORT_IN', 'MQ_IN', null, null, null, '业务CAE2入口服务', null, '00', null, null, null, null, null, null, null, null);
INSERT INTO G_SERVICES (SERVICE_ID, SYSTEM, SERVICE_TYPE, REQ_OBJ_TYPE, RSP_OBJ_TYPE, SERVICE_FUN, DOCK, DOCK_TYPE, SERVICE_URI, ERR_SERVICE, PRIORITY, REMARKS, SERVICE_VER, STATUS, EXPIRE, UPD_TIME, CRT_TIME, RSV1, RSV2, RSV3, RSV4, RSV5) VALUES ('CIPS_PMTS_DTT_SND', 'CIPS', null, null, null, 'CIPS_PMTS_DTT_SND', 'CIPS_PMTS_DTT_SND', 'DAEMON', null, null, null, '探测CAE请求发送服务', null, '00', null, null, null, null, null, null, null, null);
INSERT INTO G_SERVICES (SERVICE_ID, SYSTEM, SERVICE_TYPE, REQ_OBJ_TYPE, RSP_OBJ_TYPE, SERVICE_FUN, DOCK, DOCK_TYPE, SERVICE_URI, ERR_SERVICE, PRIORITY, REMARKS, SERVICE_VER, STATUS, EXPIRE, UPD_TIME, CRT_TIME, RSV1, RSV2, RSV3, RSV4, RSV5) VALUES ('CIPS_PMTS_DTT_RCV', 'CIPS', null, null, null, 'CIPS_PMTS_DTT_RCV', 'CIPS_PMTS_DTT_RCV', 'SERVICE', null, null, null, '探测CAE应答接收服务', null, '00', null, null, null, null, null, null, null, null);
INSERT INTO G_SERVICES (SERVICE_ID, SYSTEM, SERVICE_TYPE, REQ_OBJ_TYPE, RSP_OBJ_TYPE, SERVICE_FUN, DOCK, DOCK_TYPE, SERVICE_URI, ERR_SERVICE, PRIORITY, REMARKS, SERVICE_VER, STATUS, EXPIRE, UPD_TIME, CRT_TIME, RSV1, RSV2, RSV3, RSV4, RSV5) VALUES ('CIPS_PORT_OUT_ROUTE', 'CIPS', null, null, null, 'CIPS_PORT_OUT_ROUTE', 'CIPS_PORT_OUT_ROUTE', 'SERVICE', null, null, null, 'CIPS业务报送发送路由服务', null, '00', null, null, null, null, null, null, null, null);
INSERT INTO G_SERVICES (SERVICE_ID, SYSTEM, SERVICE_TYPE, REQ_OBJ_TYPE, RSP_OBJ_TYPE, SERVICE_FUN, DOCK, DOCK_TYPE, SERVICE_URI, ERR_SERVICE, PRIORITY, REMARKS, SERVICE_VER, STATUS, EXPIRE, UPD_TIME, CRT_TIME, RSV1, RSV2, RSV3, RSV4, RSV5) VALUES ('CIPS_04499', 'CIPS', null, null, null, 'TLR_MADE_MAIN', 'CIPS_HTTP', 'SERVICE', null, null, null, 'PMTS双活管理', null, '00', null, null, null, null, null, null, null, null);


-- 方法配置
INSERT INTO G_FUNS (FUN_ID, FUN_NAME, SYSTEM, PARA_NUM, LIB_FILE, FUN_VER, FUN_TYPE, STATUS, EXPIRE, UPD_TIME, CRT_TIME, RSV1, RSV2, RSV3, RSV4, RSV5) VALUES ('CIPS_PMTS_DTT_RCV', 'CIPS_PMTS_DTT_RCV', 'CIPS', 0, 'libcips_port.so', null, null, '00', null, '20240617163632', '20240617163632', null, null, null, null, null);
INSERT INTO G_FUNS (FUN_ID, FUN_NAME, SYSTEM, PARA_NUM, LIB_FILE, FUN_VER, FUN_TYPE, STATUS, EXPIRE, UPD_TIME, CRT_TIME, RSV1, RSV2, RSV3, RSV4, RSV5) VALUES ('CIPS_PMTS_DTT_SND', 'CIPS_PMTS_DTT_SND', 'CIPS', 1, 'libcips_port.so', null, null, '00', null, '20240617163632', '20240617163632', null, null, null, null, null);
INSERT INTO G_FUNS (FUN_ID, FUN_NAME, SYSTEM, PARA_NUM, LIB_FILE, FUN_VER, FUN_TYPE, STATUS, EXPIRE, UPD_TIME, CRT_TIME, RSV1, RSV2, RSV3, RSV4, RSV5) VALUES ('CIPS_PORT_OUT_ROUTE', 'CIPS_PORT_OUT_ROUTE', 'CIPS', 0, 'libcips_port.so', null, null, '00', null, '20240617163632', '20240617163632', null, null, null, null, null);
INSERT INTO G_FUNS (FUN_ID, FUN_NAME, SYSTEM, PARA_NUM, LIB_FILE, FUN_VER, FUN_TYPE, STATUS, EXPIRE, UPD_TIME, CRT_TIME, RSV1, RSV2, RSV3, RSV4, RSV5) VALUES ('DBI_CIPS_PMTS_DTT_LOG_DELETE', 'DBI_CIPS_PMTS_DTT_LOG_DELETE', 'CIPS', 1, 'libcips_dbi.so', null, null, '00', null, '20240617163631', '20240617163631', null, null, null, null, null);
INSERT INTO G_FUNS (FUN_ID, FUN_NAME, SYSTEM, PARA_NUM, LIB_FILE, FUN_VER, FUN_TYPE, STATUS, EXPIRE, UPD_TIME, CRT_TIME, RSV1, RSV2, RSV3, RSV4, RSV5) VALUES ('DBI_CIPS_PMTS_DTT_LOG_FIND', 'DBI_CIPS_PMTS_DTT_LOG_FIND', 'CIPS', 1, 'libcips_dbi.so', null, null, '00', null, '20240617163631', '20240617163631', null, null, null, null, null);
INSERT INTO G_FUNS (FUN_ID, FUN_NAME, SYSTEM, PARA_NUM, LIB_FILE, FUN_VER, FUN_TYPE, STATUS, EXPIRE, UPD_TIME, CRT_TIME, RSV1, RSV2, RSV3, RSV4, RSV5) VALUES ('DBI_CIPS_PMTS_DTT_LOG_INSERT', 'DBI_CIPS_PMTS_DTT_LOG_INSERT', 'CIPS', 1, 'libcips_dbi.so', null, null, '00', null, '20240617163631', '20240617163631', null, null, null, null, null);
INSERT INTO G_FUNS (FUN_ID, FUN_NAME, SYSTEM, PARA_NUM, LIB_FILE, FUN_VER, FUN_TYPE, STATUS, EXPIRE, UPD_TIME, CRT_TIME, RSV1, RSV2, RSV3, RSV4, RSV5) VALUES ('DBI_CIPS_PMTS_DTT_LOG_LOCK', 'DBI_CIPS_PMTS_DTT_LOG_LOCK', 'CIPS', 1, 'libcips_dbi.so', null, null, '00', null, '20240617163631', '20240617163631', null, null, null, null, null);
INSERT INTO G_FUNS (FUN_ID, FUN_NAME, SYSTEM, PARA_NUM, LIB_FILE, FUN_VER, FUN_TYPE, STATUS, EXPIRE, UPD_TIME, CRT_TIME, RSV1, RSV2, RSV3, RSV4, RSV5) VALUES ('DBI_CIPS_PMTS_DTT_LOG_UPDATE', 'DBI_CIPS_PMTS_DTT_LOG_UPDATE', 'CIPS', 1, 'libcips_dbi.so', null, null, '00', null, '20240617163631', '20240617163631', null, null, null, null, null);
INSERT INTO G_FUNS (FUN_ID, FUN_NAME, SYSTEM, PARA_NUM, LIB_FILE, FUN_VER, FUN_TYPE, STATUS, EXPIRE, UPD_TIME, CRT_TIME, RSV1, RSV2, RSV3, RSV4, RSV5) VALUES ('DBI_CIPS_PMTS_NODE_DELETE', 'DBI_CIPS_PMTS_NODE_DELETE', 'CIPS', 1, 'libcips_dbi.so', null, null, '00', null, '20240617163631', '20240617163631', null, null, null, null, null);
INSERT INTO G_FUNS (FUN_ID, FUN_NAME, SYSTEM, PARA_NUM, LIB_FILE, FUN_VER, FUN_TYPE, STATUS, EXPIRE, UPD_TIME, CRT_TIME, RSV1, RSV2, RSV3, RSV4, RSV5) VALUES ('DBI_CIPS_PMTS_NODE_FIND', 'DBI_CIPS_PMTS_NODE_FIND', 'CIPS', 1, 'libcips_dbi.so', null, null, '00', null, '20240617163631', '20240617163631', null, null, null, null, null);
INSERT INTO G_FUNS (FUN_ID, FUN_NAME, SYSTEM, PARA_NUM, LIB_FILE, FUN_VER, FUN_TYPE, STATUS, EXPIRE, UPD_TIME, CRT_TIME, RSV1, RSV2, RSV3, RSV4, RSV5) VALUES ('DBI_CIPS_PMTS_NODE_INSERT', 'DBI_CIPS_PMTS_NODE_INSERT', 'CIPS', 1, 'libcips_dbi.so', null, null, '00', null, '20240617163631', '20240617163631', null, null, null, null, null);
INSERT INTO G_FUNS (FUN_ID, FUN_NAME, SYSTEM, PARA_NUM, LIB_FILE, FUN_VER, FUN_TYPE, STATUS, EXPIRE, UPD_TIME, CRT_TIME, RSV1, RSV2, RSV3, RSV4, RSV5) VALUES ('DBI_CIPS_PMTS_NODE_LOCK', 'DBI_CIPS_PMTS_NODE_LOCK', 'CIPS', 1, 'libcips_dbi.so', null, null, '00', null, '20240617163631', '20240617163631', null, null, null, null, null);
INSERT INTO G_FUNS (FUN_ID, FUN_NAME, SYSTEM, PARA_NUM, LIB_FILE, FUN_VER, FUN_TYPE, STATUS, EXPIRE, UPD_TIME, CRT_TIME, RSV1, RSV2, RSV3, RSV4, RSV5) VALUES ('DBI_CIPS_PMTS_NODE_STATUS_CHG_LOG_DELETE', 'DBI_CIPS_PMTS_NODE_STATUS_CHG_LOG_DELETE', 'CIPS', 1, 'libcips_dbi.so', null, null, '00', null, '20240617163631', '20240617163631', null, null, null, null, null);
INSERT INTO G_FUNS (FUN_ID, FUN_NAME, SYSTEM, PARA_NUM, LIB_FILE, FUN_VER, FUN_TYPE, STATUS, EXPIRE, UPD_TIME, CRT_TIME, RSV1, RSV2, RSV3, RSV4, RSV5) VALUES ('DBI_CIPS_PMTS_NODE_STATUS_CHG_LOG_FIND', 'DBI_CIPS_PMTS_NODE_STATUS_CHG_LOG_FIND', 'CIPS', 1, 'libcips_dbi.so', null, null, '00', null, '20240617163631', '20240617163631', null, null, null, null, null);
INSERT INTO G_FUNS (FUN_ID, FUN_NAME, SYSTEM, PARA_NUM, LIB_FILE, FUN_VER, FUN_TYPE, STATUS, EXPIRE, UPD_TIME, CRT_TIME, RSV1, RSV2, RSV3, RSV4, RSV5) VALUES ('DBI_CIPS_PMTS_NODE_STATUS_CHG_LOG_INSERT', 'DBI_CIPS_PMTS_NODE_STATUS_CHG_LOG_INSERT', 'CIPS', 1, 'libcips_dbi.so', null, null, '00', null, '20240617163631', '20240617163631', null, null, null, null, null);
INSERT INTO G_FUNS (FUN_ID, FUN_NAME, SYSTEM, PARA_NUM, LIB_FILE, FUN_VER, FUN_TYPE, STATUS, EXPIRE, UPD_TIME, CRT_TIME, RSV1, RSV2, RSV3, RSV4, RSV5) VALUES ('DBI_CIPS_PMTS_NODE_STATUS_CHG_LOG_LOCK', 'DBI_CIPS_PMTS_NODE_STATUS_CHG_LOG_LOCK', 'CIPS', 1, 'libcips_dbi.so', null, null, '00', null, '20240617163631', '20240617163631', null, null, null, null, null);
INSERT INTO G_FUNS (FUN_ID, FUN_NAME, SYSTEM, PARA_NUM, LIB_FILE, FUN_VER, FUN_TYPE, STATUS, EXPIRE, UPD_TIME, CRT_TIME, RSV1, RSV2, RSV3, RSV4, RSV5) VALUES ('DBI_CIPS_PMTS_NODE_STATUS_CHG_LOG_UPDATE', 'DBI_CIPS_PMTS_NODE_STATUS_CHG_LOG_UPDATE', 'CIPS', 1, 'libcips_dbi.so', null, null, '00', null, '20240617163631', '20240617163631', null, null, null, null, null);
INSERT INTO G_FUNS (FUN_ID, FUN_NAME, SYSTEM, PARA_NUM, LIB_FILE, FUN_VER, FUN_TYPE, STATUS, EXPIRE, UPD_TIME, CRT_TIME, RSV1, RSV2, RSV3, RSV4, RSV5) VALUES ('DBI_CIPS_PMTS_NODE_UPDATE', 'DBI_CIPS_PMTS_NODE_UPDATE', 'CIPS', 1, 'libcips_dbi.so', null, null, '00', null, '20240617163631', '20240617163631', null, null, null, null, null);
INSERT INTO G_FUNS (FUN_ID, FUN_NAME, SYSTEM, PARA_NUM, LIB_FILE, FUN_VER, FUN_TYPE, STATUS, EXPIRE, UPD_TIME, CRT_TIME, RSV1, RSV2, RSV3, RSV4, RSV5) VALUES ('CIPS_04499', 'CIPS_04499', 'CIPS', 1, 'libcips_txn.so', null, null, '00', null, '20240617163632', '20240617163632', null, null, null, null, null);



-- 几个port的MQ参数
delete from G_SPARAS where APP_NAME like '%CAE%';
INSERT INTO G_SPARAS (NODE_ID, APP_NAME, CORP_ID, MODULE, PARA_KEY, PARA_VALUE, REMARKS, PARA_TYPE, PARA_VER, STATUS, SYSTEM, EXPIRE, OP_TYPE, UPT_USER, UPT_DATE, UPT_TIME, CHECK_USER, CHECK_DATE, CHECK_TIME, CRT_TIME, RSV1, RSV2, RSV3, RSV4, RSV5) VALUES ('ALL', 'DTT_CAEA_PORT_OUT', 'ALL', 'MQ', 'QUEUE', 'Q_DTT_REQ', '队列', 'NORMAL', '20240709', '00', 'CIPS', 0, null, null, null, null, null, null, null, null, null, null, null, null, null);
INSERT INTO G_SPARAS (NODE_ID, APP_NAME, CORP_ID, MODULE, PARA_KEY, PARA_VALUE, REMARKS, PARA_TYPE, PARA_VER, STATUS, SYSTEM, EXPIRE, OP_TYPE, UPT_USER, UPT_DATE, UPT_TIME, CHECK_USER, CHECK_DATE, CHECK_TIME, CRT_TIME, RSV1, RSV2, RSV3, RSV4, RSV5) VALUES ('ALL', 'DTT_CAEA_PORT_OUT', 'ALL', 'MQ', 'QMGR', 'QMBANK', 'mq队列管理器', 'NORMAL', '20240709', '00', 'CIPS', 0, null, null, null, null, null, null, null, null, null, null, null, null, null);
INSERT INTO G_SPARAS (NODE_ID, APP_NAME, CORP_ID, MODULE, PARA_KEY, PARA_VALUE, REMARKS, PARA_TYPE, PARA_VER, STATUS, SYSTEM, EXPIRE, OP_TYPE, UPT_USER, UPT_DATE, UPT_TIME, CHECK_USER, CHECK_DATE, CHECK_TIME, CRT_TIME, RSV1, RSV2, RSV3, RSV4, RSV5) VALUES ('ALL', 'DTT_CAEB_PORT_OUT', 'ALL', 'MQ', 'QMGR', 'QMBANK', 'mq队列管理器', 'NORMAL', '20240709', '00', 'CIPS', 0, null, null, null, null, null, null, null, null, null, null, null, null, null);
INSERT INTO G_SPARAS (NODE_ID, APP_NAME, CORP_ID, MODULE, PARA_KEY, PARA_VALUE, REMARKS, PARA_TYPE, PARA_VER, STATUS, SYSTEM, EXPIRE, OP_TYPE, UPT_USER, UPT_DATE, UPT_TIME, CHECK_USER, CHECK_DATE, CHECK_TIME, CRT_TIME, RSV1, RSV2, RSV3, RSV4, RSV5) VALUES ('ALL', 'DTT_CAEB_PORT_OUT', 'ALL', 'MQ', 'QUEUE', 'Q_DTT_REQ', '队列', 'NORMAL', '20240709', '00', 'CIPS', 0, null, null, null, null, null, null, null, null, null, null, null, null, null);
INSERT INTO G_SPARAS (NODE_ID, APP_NAME, CORP_ID, MODULE, PARA_KEY, PARA_VALUE, REMARKS, PARA_TYPE, PARA_VER, STATUS, SYSTEM, EXPIRE, OP_TYPE, UPT_USER, UPT_DATE, UPT_TIME, CHECK_USER, CHECK_DATE, CHECK_TIME, CRT_TIME, RSV1, RSV2, RSV3, RSV4, RSV5) VALUES ('ALL', 'DTT_CAEA_PORT_IN', 'ALL', 'MQ', 'QMGR', 'QMBANK', 'mq队列管理器', 'NORMAL', '20240709', '00', 'CIPS', 0, null, null, null, null, null, null, null, null, null, null, null, null, null);
INSERT INTO G_SPARAS (NODE_ID, APP_NAME, CORP_ID, MODULE, PARA_KEY, PARA_VALUE, REMARKS, PARA_TYPE, PARA_VER, STATUS, SYSTEM, EXPIRE, OP_TYPE, UPT_USER, UPT_DATE, UPT_TIME, CHECK_USER, CHECK_DATE, CHECK_TIME, CRT_TIME, RSV1, RSV2, RSV3, RSV4, RSV5) VALUES ('ALL', 'DTT_CAEA_PORT_IN', 'ALL', 'MQ', 'QUEUE', 'Q_DTT_RSP_GCIPSA', '队列', 'NORMAL', '20240709', '00', 'CIPS', 0, null, null, null, null, null, null, null, null, null, null, null, null, null);
INSERT INTO G_SPARAS (NODE_ID, APP_NAME, CORP_ID, MODULE, PARA_KEY, PARA_VALUE, REMARKS, PARA_TYPE, PARA_VER, STATUS, SYSTEM, EXPIRE, OP_TYPE, UPT_USER, UPT_DATE, UPT_TIME, CHECK_USER, CHECK_DATE, CHECK_TIME, CRT_TIME, RSV1, RSV2, RSV3, RSV4, RSV5) VALUES ('ALL', 'DTT_CAEB_PORT_IN', 'ALL', 'MQ', 'QMGR', 'QMBANK', 'mq队列管理器', 'NORMAL', '20240709', '00', 'CIPS', 0, null, null, null, null, null, null, null, null, null, null, null, null, null);
INSERT INTO G_SPARAS (NODE_ID, APP_NAME, CORP_ID, MODULE, PARA_KEY, PARA_VALUE, REMARKS, PARA_TYPE, PARA_VER, STATUS, SYSTEM, EXPIRE, OP_TYPE, UPT_USER, UPT_DATE, UPT_TIME, CHECK_USER, CHECK_DATE, CHECK_TIME, CRT_TIME, RSV1, RSV2, RSV3, RSV4, RSV5) VALUES ('ALL', 'DTT_CAEB_PORT_IN', 'ALL', 'MQ', 'QUEUE', 'Q_DTT_RSP_GCIPSA', '队列', 'NORMAL', '20240709', '00', 'CIPS', 0, null, null, null, null, null, null, null, null, null, null, null, null, null);
INSERT INTO G_SPARAS (NODE_ID, APP_NAME, CORP_ID, MODULE, PARA_KEY, PARA_VALUE, REMARKS, PARA_TYPE, PARA_VER, STATUS, SYSTEM, EXPIRE, OP_TYPE, UPT_USER, UPT_DATE, UPT_TIME, CHECK_USER, CHECK_DATE, CHECK_TIME, CRT_TIME, RSV1, RSV2, RSV3, RSV4, RSV5) VALUES ('ALL', 'BIZ_CAEA_PORT_OUT', 'ALL', 'MQ', 'QMGR', 'QMBANK', 'mq队列管理器', 'NORMAL', '20240709', '00', 'CIPS', 0, null, null, null, null, null, null, null, null, null, null, null, null, null);
INSERT INTO G_SPARAS (NODE_ID, APP_NAME, CORP_ID, MODULE, PARA_KEY, PARA_VALUE, REMARKS, PARA_TYPE, PARA_VER, STATUS, SYSTEM, EXPIRE, OP_TYPE, UPT_USER, UPT_DATE, UPT_TIME, CHECK_USER, CHECK_DATE, CHECK_TIME, CRT_TIME, RSV1, RSV2, RSV3, RSV4, RSV5) VALUES ('ALL', 'BIZ_CAEA_PORT_OUT', 'ALL', 'MQ', 'QUEUE', 'Q_CIPS_CCPC', '队列', 'NORMAL', '20240709', '00', 'CIPS', 0, null, null, null, null, null, null, null, null, null, null, null, null, null);
INSERT INTO G_SPARAS (NODE_ID, APP_NAME, CORP_ID, MODULE, PARA_KEY, PARA_VALUE, REMARKS, PARA_TYPE, PARA_VER, STATUS, SYSTEM, EXPIRE, OP_TYPE, UPT_USER, UPT_DATE, UPT_TIME, CHECK_USER, CHECK_DATE, CHECK_TIME, CRT_TIME, RSV1, RSV2, RSV3, RSV4, RSV5) VALUES ('ALL', 'BIZ_CAEB_PORT_OUT', 'ALL', 'MQ', 'QMGR', 'QMBANK', 'mq队列管理器', 'NORMAL', '20240709', '00', 'CIPS', 0, null, null, null, null, null, null, null, null, null, null, null, null, null);
INSERT INTO G_SPARAS (NODE_ID, APP_NAME, CORP_ID, MODULE, PARA_KEY, PARA_VALUE, REMARKS, PARA_TYPE, PARA_VER, STATUS, SYSTEM, EXPIRE, OP_TYPE, UPT_USER, UPT_DATE, UPT_TIME, CHECK_USER, CHECK_DATE, CHECK_TIME, CRT_TIME, RSV1, RSV2, RSV3, RSV4, RSV5) VALUES ('ALL', 'BIZ_CAEB_PORT_OUT', 'ALL', 'MQ', 'QUEUE', 'Q_CIPS_CCPC', '队列', 'NORMAL', '20240709', '00', 'CIPS', 0, null, null, null, null, null, null, null, null, null, null, null, null, null);
INSERT INTO G_SPARAS (NODE_ID, APP_NAME, CORP_ID, MODULE, PARA_KEY, PARA_VALUE, REMARKS, PARA_TYPE, PARA_VER, STATUS, SYSTEM, EXPIRE, OP_TYPE, UPT_USER, UPT_DATE, UPT_TIME, CHECK_USER, CHECK_DATE, CHECK_TIME, CRT_TIME, RSV1, RSV2, RSV3, RSV4, RSV5) VALUES ('ALL', 'BIZ_CAEA_PORT_IN', 'ALL', 'MQ', 'QMGR', 'QMBANK', 'mq队列管理器', 'NORMAL', '20240709', '00', 'CIPS', 0, null, null, null, null, null, null, null, null, null, null, null, null, null);
INSERT INTO G_SPARAS (NODE_ID, APP_NAME, CORP_ID, MODULE, PARA_KEY, PARA_VALUE, REMARKS, PARA_TYPE, PARA_VER, STATUS, SYSTEM, EXPIRE, OP_TYPE, UPT_USER, UPT_DATE, UPT_TIME, CHECK_USER, CHECK_DATE, CHECK_TIME, CRT_TIME, RSV1, RSV2, RSV3, RSV4, RSV5) VALUES ('ALL', 'BIZ_CAEA_PORT_IN', 'ALL', 'MQ', 'QUEUE', 'Q_CIPS_BANK', '队列', 'NORMAL', '20240709', '00', 'CIPS', 0, null, null, null, null, null, null, null, null, null, null, null, null, null);
INSERT INTO G_SPARAS (NODE_ID, APP_NAME, CORP_ID, MODULE, PARA_KEY, PARA_VALUE, REMARKS, PARA_TYPE, PARA_VER, STATUS, SYSTEM, EXPIRE, OP_TYPE, UPT_USER, UPT_DATE, UPT_TIME, CHECK_USER, CHECK_DATE, CHECK_TIME, CRT_TIME, RSV1, RSV2, RSV3, RSV4, RSV5) VALUES ('ALL', 'BIZ_CAEB_PORT_IN', 'ALL', 'MQ', 'QMGR', 'QMBANK', 'mq队列管理器', 'NORMAL', '20240709', '00', 'CIPS', 0, null, null, null, null, null, null, null, null, null, null, null, null, null);
INSERT INTO G_SPARAS (NODE_ID, APP_NAME, CORP_ID, MODULE, PARA_KEY, PARA_VALUE, REMARKS, PARA_TYPE, PARA_VER, STATUS, SYSTEM, EXPIRE, OP_TYPE, UPT_USER, UPT_DATE, UPT_TIME, CHECK_USER, CHECK_DATE, CHECK_TIME, CRT_TIME, RSV1, RSV2, RSV3, RSV4, RSV5) VALUES ('ALL', 'BIZ_CAEB_PORT_IN', 'ALL', 'MQ', 'QUEUE', 'Q_CIPS_BANK', '队列', 'NORMAL', '20240709', '00', 'CIPS', 0, null, null, null, null, null, null, null, null, null, null, null, null, null);
INSERT INTO G_SPARAS (NODE_ID, APP_NAME, CORP_ID, MODULE, PARA_KEY, PARA_VALUE, REMARKS, PARA_TYPE, PARA_VER, STATUS, SYSTEM, EXPIRE, OP_TYPE, UPT_USER, UPT_DATE, UPT_TIME, CHECK_USER, CHECK_DATE, CHECK_TIME, CRT_TIME, RSV1, RSV2, RSV3, RSV4, RSV5) VALUES ('ALL', 'DTT_CAEA_PORT_OUT', 'ALL', 'MQ', 'MQSERVER', 'GCIPS.SVRCONN/TCP/10.0.6.42(1414)', 'MQSERVER地址', 'NORMAL', '20240709', '00', 'CIPS', 0, null, null, null, null, null, null, null, null, null, null, null, null, null);
INSERT INTO G_SPARAS (NODE_ID, APP_NAME, CORP_ID, MODULE, PARA_KEY, PARA_VALUE, REMARKS, PARA_TYPE, PARA_VER, STATUS, SYSTEM, EXPIRE, OP_TYPE, UPT_USER, UPT_DATE, UPT_TIME, CHECK_USER, CHECK_DATE, CHECK_TIME, CRT_TIME, RSV1, RSV2, RSV3, RSV4, RSV5) VALUES ('ALL', 'DTT_CAEA_PORT_IN', 'ALL', 'MQ', 'MQSERVER', 'GCIPS.SVRCONN/TCP/10.0.6.42(1414)', 'MQSERVER地址', 'NORMAL', '20240709', '00', 'CIPS', 0, null, null, null, null, null, null, null, null, null, null, null, null, null);
INSERT INTO G_SPARAS (NODE_ID, APP_NAME, CORP_ID, MODULE, PARA_KEY, PARA_VALUE, REMARKS, PARA_TYPE, PARA_VER, STATUS, SYSTEM, EXPIRE, OP_TYPE, UPT_USER, UPT_DATE, UPT_TIME, CHECK_USER, CHECK_DATE, CHECK_TIME, CRT_TIME, RSV1, RSV2, RSV3, RSV4, RSV5) VALUES ('ALL', 'BIZ_CAEA_PORT_OUT', 'ALL', 'MQ', 'MQSERVER', 'GCIPS.SVRCONN/TCP/10.0.6.42(1414)', 'MQSERVER地址', 'NORMAL', '20240709', '00', 'CIPS', 0, null, null, null, null, null, null, null, null, null, null, null, null, null);
INSERT INTO G_SPARAS (NODE_ID, APP_NAME, CORP_ID, MODULE, PARA_KEY, PARA_VALUE, REMARKS, PARA_TYPE, PARA_VER, STATUS, SYSTEM, EXPIRE, OP_TYPE, UPT_USER, UPT_DATE, UPT_TIME, CHECK_USER, CHECK_DATE, CHECK_TIME, CRT_TIME, RSV1, RSV2, RSV3, RSV4, RSV5) VALUES ('ALL', 'BIZ_CAEA_PORT_IN', 'ALL', 'MQ', 'MQSERVER', 'GCIPS.SVRCONN/TCP/10.0.6.42(1414)', 'MQSERVER地址', 'NORMAL', '20240709', '00', 'CIPS', 0, null, null, null, null, null, null, null, null, null, null, null, null, null);
INSERT INTO G_SPARAS (NODE_ID, APP_NAME, CORP_ID, MODULE, PARA_KEY, PARA_VALUE, REMARKS, PARA_TYPE, PARA_VER, STATUS, SYSTEM, EXPIRE, OP_TYPE, UPT_USER, UPT_DATE, UPT_TIME, CHECK_USER, CHECK_DATE, CHECK_TIME, CRT_TIME, RSV1, RSV2, RSV3, RSV4, RSV5) VALUES ('ALL', 'DTT_CAEB_PORT_OUT', 'ALL', 'MQ', 'MQSERVER', 'GCIPS.SVRCONN/TCP/10.0.6.43(1414)', 'MQSERVER地址', 'NORMAL', '20240709', '00', 'CIPS', 0, null, null, null, null, null, null, null, null, null, null, null, null, null);
INSERT INTO G_SPARAS (NODE_ID, APP_NAME, CORP_ID, MODULE, PARA_KEY, PARA_VALUE, REMARKS, PARA_TYPE, PARA_VER, STATUS, SYSTEM, EXPIRE, OP_TYPE, UPT_USER, UPT_DATE, UPT_TIME, CHECK_USER, CHECK_DATE, CHECK_TIME, CRT_TIME, RSV1, RSV2, RSV3, RSV4, RSV5) VALUES ('ALL', 'DTT_CAEB_PORT_IN', 'ALL', 'MQ', 'MQSERVER', 'GCIPS.SVRCONN/TCP/10.0.6.43(1414)', 'MQSERVER地址', 'NORMAL', '20240709', '00', 'CIPS', 0, null, null, null, null, null, null, null, null, null, null, null, null, null);
INSERT INTO G_SPARAS (NODE_ID, APP_NAME, CORP_ID, MODULE, PARA_KEY, PARA_VALUE, REMARKS, PARA_TYPE, PARA_VER, STATUS, SYSTEM, EXPIRE, OP_TYPE, UPT_USER, UPT_DATE, UPT_TIME, CHECK_USER, CHECK_DATE, CHECK_TIME, CRT_TIME, RSV1, RSV2, RSV3, RSV4, RSV5) VALUES ('ALL', 'BIZ_CAEB_PORT_OUT', 'ALL', 'MQ', 'MQSERVER', 'GCIPS.SVRCONN/TCP/10.0.6.43(1414)', 'MQSERVER地址', 'NORMAL', '20240709', '00', 'CIPS', 0, null, null, null, null, null, null, null, null, null, null, null, null, null);
INSERT INTO G_SPARAS (NODE_ID, APP_NAME, CORP_ID, MODULE, PARA_KEY, PARA_VALUE, REMARKS, PARA_TYPE, PARA_VER, STATUS, SYSTEM, EXPIRE, OP_TYPE, UPT_USER, UPT_DATE, UPT_TIME, CHECK_USER, CHECK_DATE, CHECK_TIME, CRT_TIME, RSV1, RSV2, RSV3, RSV4, RSV5) VALUES ('ALL', 'BIZ_CAEB_PORT_IN', 'ALL', 'MQ', 'MQSERVER', 'GCIPS.SVRCONN/TCP/10.0.6.43(1414)', 'MQSERVER地址', 'NORMAL', '20240709', '00', 'CIPS', 0, null, null, null, null, null, null, null, null, null, null, null, null, null);



-- PMTS相关业务参数
delete from G_PARAS where PARA_KEY in ('PMTS_ROUTE_SWITCH', 'PMTS_DTT_INTERVAL', 'PMTS_DTT_FAIL_TIME', 'PMTS_ROUTE_STRATEGY', 'PMTS_DTT_LOG_RETENTION_DAYS');
INSERT INTO G_PARAS (SYSTEM, CORP_ID, ORG_ID, PARA_KEY, PARA_VALUE, REMARKS, PARA_TYPE, PARA_VER, STATUS, EXPIRE, OP_TYPE, OP_STATUS, UPT_USER, UPT_DATE, UPT_TIME, CHECK_USER, CHECK_DATE, CHECK_TIME, CRT_TIME, RSV1, RSV2, RSV3, RSV4, RSV5) VALUES ('ALL', 'ALL', 'ALL', 'PMTS_DTT_INTERVAL', '10', '探测时间间隔（秒）', '02', null, '01', null, null, null, 'test', '20240229', '20240229112803', 'test', '20240229', '20240229112803', null, null, null, null, null, null);
INSERT INTO G_PARAS (SYSTEM, CORP_ID, ORG_ID, PARA_KEY, PARA_VALUE, REMARKS, PARA_TYPE, PARA_VER, STATUS, EXPIRE, OP_TYPE, OP_STATUS, UPT_USER, UPT_DATE, UPT_TIME, CHECK_USER, CHECK_DATE, CHECK_TIME, CRT_TIME, RSV1, RSV2, RSV3, RSV4, RSV5) VALUES ('ALL', 'ALL', 'ALL', 'PMTS_DTT_FAIL_TIME', '120', '多久未响应节点不可用（秒）', '02', null, '01', null, null, null, 'test', '20240229', '20240229112803', 'test', '20240229', '20240229112803', null, null, null, null, null, null);
INSERT INTO G_PARAS (SYSTEM, CORP_ID, ORG_ID, PARA_KEY, PARA_VALUE, REMARKS, PARA_TYPE, PARA_VER, STATUS, EXPIRE, OP_TYPE, OP_STATUS, UPT_USER, UPT_DATE, UPT_TIME, CHECK_USER, CHECK_DATE, CHECK_TIME, CRT_TIME, RSV1, RSV2, RSV3, RSV4, RSV5) VALUES ('ALL', 'ALL', 'ALL', 'PMTS_ROUTE_STRATEGY', 'RAND', '节点选择策略(RAND-随机，LOAD-低负载）', '02', null, '01', null, null, null, 'test', '20240229', '20240229112803', 'test', '20240229', '20240229112803', null, null, null, null, null, null);
INSERT INTO G_PARAS (SYSTEM, CORP_ID, ORG_ID, PARA_KEY, PARA_VALUE, REMARKS, PARA_TYPE, PARA_VER, STATUS, EXPIRE, OP_TYPE, OP_STATUS, UPT_USER, UPT_DATE, UPT_TIME, CHECK_USER, CHECK_DATE, CHECK_TIME, CRT_TIME, RSV1, RSV2, RSV3, RSV4, RSV5) VALUES ('ALL', 'ALL', 'ALL', 'PMTS_ROUTE_SWITCH', '1', '是否启用PMTS双活(0-不启用，1-启用）', '02', null, '01', null, null, null, 'test', '20240229', '20240229112803', 'test', '20240229', '20240229112803', null, null, null, null, null, null);
INSERT INTO G_PARAS (SYSTEM, CORP_ID, ORG_ID, PARA_KEY, PARA_VALUE, REMARKS, PARA_TYPE, PARA_VER, STATUS, EXPIRE, OP_TYPE, OP_STATUS, UPT_USER, UPT_DATE, UPT_TIME, CHECK_USER, CHECK_DATE, CHECK_TIME, CRT_TIME, RSV1, RSV2, RSV3, RSV4, RSV5) VALUES ('ALL', 'ALL', 'ALL', 'PMTS_DTT_LOG_RETENTION_DAYS', '3', '探测历史保留天数', '02', null, '01', null, null, null, 'test', '20240229', '20240229112803', 'test', '20240229', '20240229112803', null, null, null, null, null, null);


-- 初始化PMTS节点表
INSERT INTO CIPS_PMTS_NODE (APP_NODE, APP_SERVER_NAME, SND_QMGR, SND_CHL, PMTS_NODE, PMTS_SERVER_NAME, PMTS_QMGR, DTT_RSP_QUEUE, NODE_STATUS, NODE_LOAD, DTT_PORT_OUT, BIZ_PORT_OUT, START_TIME, LAST_REQ_TIME, LAST_RSP_TIME) VALUES ('SCBLHKHHXXX', 'MBA', 'QMBANK', 'GCIPS.TO.CAE', 'SCBLHKHHXXX', 'CAEA', 'QMUCAEA', 'Q_DTT_RSP_GCIPSA', 'INIT', '0', 'DTT_CAEA_PORT_OUT', 'BIZ_CAEA_PORT_OUT', '20241107165812', '20241107165822', '20240730114109');
INSERT INTO CIPS_PMTS_NODE (APP_NODE, APP_SERVER_NAME, SND_QMGR, SND_CHL, PMTS_NODE, PMTS_SERVER_NAME, PMTS_QMGR, DTT_RSP_QUEUE, NODE_STATUS, NODE_LOAD, DTT_PORT_OUT, BIZ_PORT_OUT, START_TIME, LAST_REQ_TIME, LAST_RSP_TIME) VALUES ('SCBLHKHHXXX', 'MBA', 'QMBANK', 'GCIPS.TO.CAE', 'SCBLHKHHXXX', 'CAEB', 'QMUCAEA', 'Q_DTT_RSP_GCIPSA', 'INIT', '0', 'DTT_CAEB_PORT_OUT', 'BIZ_CAEB_PORT_OUT', '20241107165812', '20241107165822', '20240730114109');



-- 邮件提醒
delete from G_ROUTE where ROUTE_KEY in ('CIPS_PMTS_NODE_ABNORMAL', 'CIPS_PMTS_NODE_RECOVER');
INSERT INTO G_ROUTE (CORP_ID, NODE_ID, ROUTE_ID, ROUTE_KEY, ROUTE_DATA, ROUTE_RESULT, ROUTE_TYPE, ROUTE_MODE, IDX, SYSTEM, REMARKS, STATUS, UPD_TIME, CRT_TIME, RSV1, RSV2, RSV3, RSV4, RSV5) VALUES ('ALL', 'ALL', 'GNO_NOTICE', 'CIPS_PMTS_NODE_ABNORMAL', '$(REQ.HEAD.MSG_SENDER)_$(REQ.HEAD.MSG_TYPE)', 'CIPS_PMTS_NODE_ABNORMAL', 'SERVICE', 'R', 4, 'GNOTICE', 'PMTS节点异常提醒', '00', '20140225043400', '20140225043400', null, null, null, null, null);
INSERT INTO G_ROUTE (CORP_ID, NODE_ID, ROUTE_ID, ROUTE_KEY, ROUTE_DATA, ROUTE_RESULT, ROUTE_TYPE, ROUTE_MODE, IDX, SYSTEM, REMARKS, STATUS, UPD_TIME, CRT_TIME, RSV1, RSV2, RSV3, RSV4, RSV5) VALUES ('ALL', 'ALL', 'GNO_NOTICE', 'CIPS_PMTS_NODE_RECOVER', '$(REQ.HEAD.MSG_SENDER)_$(REQ.HEAD.MSG_TYPE)', 'CIPS_PMTS_NODE_RECOVER', 'SERVICE', 'R', 4, 'GNOTICE', 'PMTS节点恢复提醒', '00', '20140225043400', '20140225043400', null, null, null, null, null);

delete from GNO_TOPIC where TOPIC in  ('CIPS_PMTS_NODE_ABNORMAL', 'CIPS_PMTS_NODE_RECOVER');
INSERT INTO GNO_TOPIC (TOPIC, TPL_ID, REMARKS, UPD_TIME, CRT_TIME, RSV1, RSV2, RSV3, RSV4, RSV5) VALUES ('CIPS_PMTS_NODE_ABNORMAL', 'CIPS_PMTS_NODE_ABNORMAL', 'PMTS节点异常提醒', '20240709', '20240709', null, null, null, null, null);
INSERT INTO GNO_TOPIC (TOPIC, TPL_ID, REMARKS, UPD_TIME, CRT_TIME, RSV1, RSV2, RSV3, RSV4, RSV5) VALUES ('CIPS_PMTS_NODE_RECOVER', 'CIPS_PMTS_NODE_RECOVER', 'PMTS节点恢复提醒', '20240709', '20240709', null, null, null, null, null);


delete from GNO_TPL where TPL_ID in  ('CIPS_PMTS_NODE_ABNORMAL', 'CIPS_PMTS_NODE_RECOVER');
INSERT INTO GNO_TPL (TPL_ID, TPL_LANG, CHL_ID, MSG_FMT, MSG_TITLE, TPL_DATA, REMARKS, UPD_TIME, CRT_TIME, RSV1, RSV2, RSV3, RSV4, RSV5) VALUES ('CIPS_PMTS_NODE_ABNORMAL', 'cn', 'EMAIL', 'text', 'PMTS节点异常提醒', '应用节点[$(DATA.IN.APP_SERVER_NAME)]到PMTS节点[$(DATA.IN.PMTS_SERVER_NAME)]的探测异常', 'PMTS节点异常提醒', '20240709      ', null, null, null, null, null, null);
INSERT INTO GNO_TPL (TPL_ID, TPL_LANG, CHL_ID, MSG_FMT, MSG_TITLE, TPL_DATA, REMARKS, UPD_TIME, CRT_TIME, RSV1, RSV2, RSV3, RSV4, RSV5) VALUES ('CIPS_PMTS_NODE_RECOVER', 'cn', 'EMAIL', 'text', 'PMTS节点恢复提醒', '应用节点[$(DATA.IN.APP_SERVER_NAME)]到PMTS节点[$(DATA.IN.PMTS_SERVER_NAME)]的探测恢复', 'PMTS节点恢复提醒', '20240709      ', null, null, null, null, null, null);


